Directory,Filename,Predictions,Actuals
../content/birds/test/,Alpine_Accentor/Alpine_Accentor - 2020-04-13T004440.320.jpg,Alpine_Accentor,Alpine_Accentor
../content/birds/test/,Alpine_Accentor/Alpine_Accentor - 2020-04-13T004440.947.jpg,Alpine_Accentor,Alpine_Accentor
../content/birds/test/,Alpine_Accentor/Alpine_Accentor - 2020-04-13T004441.524.jpg,Alpine_Accentor,Alpine_Accentor
../content/birds/test/,Alpine_Accentor/Alpine_Accentor - 2020-04-13T004441.931.jpg,Alpine_Accentor,Alpine_Accentor
../content/birds/test/,Alpine_Accentor/Alpine_Accentor - 2020-04-13T004442.541.jpg,Alpine_Accentor,Alpine_Accentor
../content/birds/test/,Alpine_Accentor/Alpine_Accentor - 2020-04-13T004443.020.jpg,Alpine_Accentor,Alpine_Accentor
../content/birds/test/,Alpine_Accentor/Alpine_Accentor - 2020-04-13T004443.489.jpg,Alpine_Accentor,Alpine_Accentor
../content/birds/test/,Alpine_Accentor/Alpine_Accentor - 2020-04-13T004443.980.jpg,Streaked Laughingthrush,Alpine_Accentor
../content/birds/test/,Alpine_Accentor/Alpine_Accentor - 2020-04-13T004444.594.jpg,Alpine_Accentor,Alpine_Accentor
../content/birds/test/,Alpine_Accentor/Alpine_Accentor - 2020-04-13T004445.260.jpg,Alpine_Accentor,Alpine_Accentor
../content/birds/test/,Alpine_Accentor/Alpine_Accentor - 2020-04-13T004445.611.jpg,Alpine_Accentor,Alpine_Accentor
../content/birds/test/,Alpine_Accentor/Alpine_Accentor - 2020-04-13T004446.576.jpg,Alpine_Accentor,Alpine_Accentor
../content/birds/test/,Alpine_Accentor/Alpine_Accentor - 2020-04-13T004446.792.jpg,Alpine_Accentor,Alpine_Accentor
../content/birds/test/,Alpine_Accentor/Alpine_Accentor - 2020-04-13T004447.520.jpg,Alpine_Accentor,Alpine_Accentor
../content/birds/test/,Alpine_Accentor/Alpine_Accentor - 2020-04-13T004448.338.jpg,Alpine_Accentor,Alpine_Accentor
../content/birds/test/,Alpine_Accentor/Alpine_Accentor - 2020-04-13T004448.892.jpg,Alpine_Accentor,Alpine_Accentor
../content/birds/test/,Alpine_Accentor/Alpine_Accentor - 2020-04-13T004449.301.jpg,Alpine_Accentor,Alpine_Accentor
../content/birds/test/,Alpine_Accentor/Alpine_Accentor - 2020-04-13T004449.734.jpg,Alpine_Accentor,Alpine_Accentor
../content/birds/test/,Alpine_Accentor/Alpine_Accentor - 2020-04-13T004450.321.jpg,Alpine_Accentor,Alpine_Accentor
../content/birds/test/,Alpine_Accentor/Alpine_Accentor - 2020-04-13T004450.776.jpg,Alpine_Accentor,Alpine_Accentor
../content/birds/test/,Alpine_Accentor/Alpine_Accentor - 2020-04-13T004451.352.jpg,Alpine_Accentor,Alpine_Accentor
../content/birds/test/,Alpine_Accentor/Alpine_Accentor - 2020-04-13T004451.775.jpg,Alpine_Accentor,Alpine_Accentor
../content/birds/test/,Alpine_Accentor/Alpine_Accentor - 2020-04-13T004452.592.jpg,Alpine_Accentor,Alpine_Accentor
../content/birds/test/,Alpine_Accentor/Alpine_Accentor - 2020-04-13T004453.240.jpg,Streaked Laughingthrush,Alpine_Accentor
../content/birds/test/,Alpine_Accentor/Alpine_Accentor - 2020-04-13T004453.714.jpg,Alpine_Accentor,Alpine_Accentor
../content/birds/test/,Alpine_Accentor/Alpine_Accentor - 2020-04-13T004454.449.jpg,Alpine_Accentor,Alpine_Accentor
../content/birds/test/,Alpine_Accentor/Alpine_Accentor - 2020-04-13T004454.681.jpg,Alpine_Accentor,Alpine_Accentor
../content/birds/test/,Alpine_Accentor/Alpine_Accentor - 2020-04-13T004455.467.jpg,Alpine_Accentor,Alpine_Accentor
../content/birds/test/,Alpine_Accentor/Alpine_Accentor - 2020-04-13T004456.075.jpg,Alpine_Accentor,Alpine_Accentor
../content/birds/test/,Alpine_Accentor/Alpine_Accentor - 2020-04-13T004456.486.jpg,Alpine_Accentor,Alpine_Accentor
../content/birds/test/,Alpine_Accentor/Alpine_Accentor - 2020-04-13T004457.023.jpg,Alpine_Accentor,Alpine_Accentor
../content/birds/test/,Alpine_Accentor/Alpine_Accentor - 2020-04-13T004457.510.jpg,Alpine_Accentor,Alpine_Accentor
../content/birds/test/,Alpine_Accentor/Alpine_Accentor - 2020-04-13T004459.966.jpg,Alpine_Accentor,Alpine_Accentor
../content/birds/test/,Alpine_Accentor/Alpine_Accentor - 2020-04-13T004500.646.jpg,Alpine_Accentor,Alpine_Accentor
../content/birds/test/,Alpine_Accentor/Alpine_Accentor - 2020-04-13T004500.988.jpg,Alpine_Accentor,Alpine_Accentor
../content/birds/test/,Alpine_Accentor/Alpine_Accentor - 2020-04-13T004501.411.jpg,Alpine_Accentor,Alpine_Accentor
../content/birds/test/,Alpine_Accentor/Alpine_Accentor - 2020-04-13T004502.110.jpg,Alpine_Accentor,Alpine_Accentor
../content/birds/test/,Alpine_Accentor/Alpine_Accentor - 2020-04-13T004502.838.jpg,Alpine_Accentor,Alpine_Accentor
../content/birds/test/,Alpine_Accentor/Alpine_Accentor - 2020-04-13T004503.406.jpg,Alpine_Accentor,Alpine_Accentor
../content/birds/test/,Alpine_Accentor/Alpine_Accentor - 2020-04-13T004504.054.jpg,Alpine_Accentor,Alpine_Accentor
../content/birds/test/,Alpine_Accentor/Alpine_Accentor - 2020-04-13T004504.729.jpg,Alpine_Accentor,Alpine_Accentor
../content/birds/test/,Alpine_Accentor/Alpine_Accentor - 2020-04-13T004505.287.jpg,Alpine_Accentor,Alpine_Accentor
../content/birds/test/,Alpine_Accentor/Alpine_Accentor - 2020-04-13T004506.888.jpg,Alpine_Accentor,Alpine_Accentor
../content/birds/test/,Alpine_Accentor/Alpine_Accentor - 2020-04-13T004507.140.jpg,brown_headed_barbet,Alpine_Accentor
../content/birds/test/,Alpine_Accentor/Alpine_Accentor - 2020-04-13T004508.230.jpg,Alpine_Accentor,Alpine_Accentor
../content/birds/test/,Alpine_Accentor/Alpine_Accentor - 2020-04-13T004526.198.jpg,Alpine_Accentor,Alpine_Accentor
../content/birds/test/,Alpine_Accentor/Alpine_Accentor - 2020-04-13T004526.819.jpg,Alpine_Accentor,Alpine_Accentor
../content/birds/test/,Alpine_Accentor/Alpine_Accentor - 2020-04-13T004530.288.jpg,Alpine_Accentor,Alpine_Accentor
../content/birds/test/,Alpine_Accentor/Alpine_Accentor - 2020-04-13T004531.189.jpg,Alpine_Accentor,Alpine_Accentor
../content/birds/test/,Alpine_Accentor/Alpine_Accentor - 2020-04-13T004532.387.jpg,Alpine_Accentor,Alpine_Accentor
../content/birds/test/,Black-headed Ibis/download (1).jpg,Black-headed Ibis,Black-headed Ibis
../content/birds/test/,Black-headed Ibis/download (10).jpg,Black-headed Ibis,Black-headed Ibis
../content/birds/test/,Black-headed Ibis/download (11).jpg,Black-headed Ibis,Black-headed Ibis
../content/birds/test/,Black-headed Ibis/download (12).jpg,Black-headed Ibis,Black-headed Ibis
../content/birds/test/,Black-headed Ibis/download (13).jpg,Black-headed Ibis,Black-headed Ibis
../content/birds/test/,Black-headed Ibis/download (14).jpg,Black-headed Ibis,Black-headed Ibis
../content/birds/test/,Black-headed Ibis/download (15).jpg,Black-headed Ibis,Black-headed Ibis
../content/birds/test/,Black-headed Ibis/download (16).jpg,Black-headed Ibis,Black-headed Ibis
../content/birds/test/,Black-headed Ibis/download (17).jpg,Black-headed Ibis,Black-headed Ibis
../content/birds/test/,Black-headed Ibis/download (18).jpg,Black-headed Ibis,Black-headed Ibis
../content/birds/test/,Black-headed Ibis/download (2).jpg,Black-headed Ibis,Black-headed Ibis
../content/birds/test/,Black-headed Ibis/download (20).jpg,Black-headed Ibis,Black-headed Ibis
../content/birds/test/,Black-headed Ibis/download (3).jpg,Black-headed Ibis,Black-headed Ibis
../content/birds/test/,Black-headed Ibis/download (4).jpg,Black-headed Ibis,Black-headed Ibis
../content/birds/test/,Black-headed Ibis/download (5).jpg,Black-headed Ibis,Black-headed Ibis
../content/birds/test/,Black-headed Ibis/download (6).jpg,Black-headed Ibis,Black-headed Ibis
../content/birds/test/,Black-headed Ibis/download (7).jpg,Black-headed Ibis,Black-headed Ibis
../content/birds/test/,Black-headed Ibis/download (8).jpg,Black-headed Ibis,Black-headed Ibis
../content/birds/test/,Black-headed Ibis/download (9).jpg,Black-headed Ibis,Black-headed Ibis
../content/birds/test/,Black-headed Ibis/download.jpg,Black-headed Ibis,Black-headed Ibis
../content/birds/test/,Black-headed Ibis/images - 2020-04-15T153717.162.jpg,Black-headed Ibis,Black-headed Ibis
../content/birds/test/,Black-headed Ibis/images - 2020-04-15T153725.409.jpg,Black-headed Ibis,Black-headed Ibis
../content/birds/test/,Black-headed Ibis/images - 2020-04-15T153733.563.jpg,Black-headed Ibis,Black-headed Ibis
../content/birds/test/,Black-headed Ibis/images - 2020-04-15T153743.389.jpg,Black-headed Ibis,Black-headed Ibis
../content/birds/test/,Black-headed Ibis/images - 2020-04-15T153754.332.jpg,Black-headed Ibis,Black-headed Ibis
../content/birds/test/,Black-headed Ibis/images - 2020-04-15T153902.984.jpg,Black-headed Ibis,Black-headed Ibis
../content/birds/test/,Black-headed Ibis/images - 2020-04-15T153912.932.jpg,Black-headed Ibis,Black-headed Ibis
../content/birds/test/,Black-headed Ibis/images - 2020-04-15T153925.453.jpg,Black-headed Ibis,Black-headed Ibis
../content/birds/test/,Black-headed Ibis/images - 2020-04-15T153933.868.jpg,Black-headed Ibis,Black-headed Ibis
../content/birds/test/,Black-headed Ibis/images - 2020-04-15T153943.669.jpg,Black-headed Ibis,Black-headed Ibis
../content/birds/test/,Black-headed Ibis/images - 2020-04-15T154006.488.jpg,Black-headed Ibis,Black-headed Ibis
../content/birds/test/,Black-headed Ibis/images - 2020-04-15T154014.716.jpg,Black-headed Ibis,Black-headed Ibis
../content/birds/test/,Black-headed Ibis/images - 2020-04-15T154051.987.jpg,Black-headed Ibis,Black-headed Ibis
../content/birds/test/,Black-headed Ibis/images - 2020-04-15T154059.848.jpg,Black-headed Ibis,Black-headed Ibis
../content/birds/test/,Black-headed Ibis/images - 2020-04-15T154116.199.jpg,Black-headed Ibis,Black-headed Ibis
../content/birds/test/,Black-headed Ibis/images - 2020-04-15T154126.626.jpg,Black-headed Ibis,Black-headed Ibis
../content/birds/test/,Black-headed Ibis/images - 2020-04-15T154135.159.jpg,Black-headed Ibis,Black-headed Ibis
../content/birds/test/,Black-headed Ibis/images - 2020-04-15T154147.663.jpg,Black-headed Ibis,Black-headed Ibis
../content/birds/test/,Black-headed Ibis/images - 2020-04-15T154155.145.jpg,Black-headed Ibis,Black-headed Ibis
../content/birds/test/,Black-headed Ibis/images - 2020-04-15T154206.506.jpg,Black-headed Ibis,Black-headed Ibis
../content/birds/test/,Black-headed Ibis/images - 2020-04-15T154215.877.jpg,Black-headed Ibis,Black-headed Ibis
../content/birds/test/,Black-headed Ibis/images - 2020-04-15T154258.869.jpg,Black-headed Ibis,Black-headed Ibis
../content/birds/test/,Black-headed Ibis/images - 2020-04-15T154359.008.jpg,Black-headed Ibis,Black-headed Ibis
../content/birds/test/,Black-headed Ibis/images - 2020-04-15T154409.674.jpg,Black-headed Ibis,Black-headed Ibis
../content/birds/test/,Black-headed Ibis/images - 2020-04-15T154421.362.jpg,Black-headed Ibis,Black-headed Ibis
../content/birds/test/,Black-headed Ibis/images - 2020-04-15T154512.842.jpg,Black-headed Ibis,Black-headed Ibis
../content/birds/test/,Black-headed Ibis/images - 2020-04-15T154541.992.jpg,Black-headed Ibis,Black-headed Ibis
../content/birds/test/,Black-headed Ibis/images - 2020-04-15T154730.521.jpg,Black-headed Ibis,Black-headed Ibis
../content/birds/test/,Black-headed Ibis/images - 2020-04-15T154919.504.jpg,Black-headed Ibis,Black-headed Ibis
../content/birds/test/,Black-headed Ibis/images - 2020-04-15T154953.337.jpg,Black-headed Ibis,Black-headed Ibis
../content/birds/test/,Black-headed Ibis/images - 2020-04-15T155237.852.jpg,Black-headed Ibis,Black-headed Ibis
../content/birds/test/,Common Tailorbird/download (1).jpg,Common Tailorbird,Common Tailorbird
../content/birds/test/,Common Tailorbird/download (10).jpg,Common Tailorbird,Common Tailorbird
../content/birds/test/,Common Tailorbird/download (11).jpg,Common Tailorbird,Common Tailorbird
../content/birds/test/,Common Tailorbird/download (12).jpg,Common Tailorbird,Common Tailorbird
../content/birds/test/,Common Tailorbird/download (13).jpg,Common Tailorbird,Common Tailorbird
../content/birds/test/,Common Tailorbird/download (14).jpg,Common Tailorbird,Common Tailorbird
../content/birds/test/,Common Tailorbird/download (15).jpg,Common Tailorbird,Common Tailorbird
../content/birds/test/,Common Tailorbird/download (16).jpg,Common Tailorbird,Common Tailorbird
../content/birds/test/,Common Tailorbird/download (19).jpg,Common Tailorbird,Common Tailorbird
../content/birds/test/,Common Tailorbird/download (2).jpg,Common Tailorbird,Common Tailorbird
../content/birds/test/,Common Tailorbird/download (3).jpg,Common Tailorbird,Common Tailorbird
../content/birds/test/,Common Tailorbird/download (4).jpg,Common Tailorbird,Common Tailorbird
../content/birds/test/,Common Tailorbird/download (5).jpg,Common Tailorbird,Common Tailorbird
../content/birds/test/,Common Tailorbird/download (6).jpg,Common Tailorbird,Common Tailorbird
../content/birds/test/,Common Tailorbird/download (7).jpg,Common Tailorbird,Common Tailorbird
../content/birds/test/,Common Tailorbird/download (8).jpg,Common Tailorbird,Common Tailorbird
../content/birds/test/,Common Tailorbird/download (9).jpg,Common Tailorbird,Common Tailorbird
../content/birds/test/,Common Tailorbird/download.jpg,Common Tailorbird,Common Tailorbird
../content/birds/test/,Common Tailorbird/images - 2020-04-15T100839.716.jpg,Common Tailorbird,Common Tailorbird
../content/birds/test/,Common Tailorbird/images - 2020-04-15T100848.005.jpg,Common Tailorbird,Common Tailorbird
../content/birds/test/,Common Tailorbird/images - 2020-04-15T100856.584.jpg,Common Tailorbird,Common Tailorbird
../content/birds/test/,Common Tailorbird/images - 2020-04-15T100905.104.jpg,Common Tailorbird,Common Tailorbird
../content/birds/test/,Common Tailorbird/images - 2020-04-15T100912.191.jpg,Common Tailorbird,Common Tailorbird
../content/birds/test/,Common Tailorbird/images - 2020-04-15T100918.833.jpg,Common Tailorbird,Common Tailorbird
../content/birds/test/,Common Tailorbird/images - 2020-04-15T100927.341.jpg,Common Tailorbird,Common Tailorbird
../content/birds/test/,Common Tailorbird/images - 2020-04-15T100936.612.jpg,Common Tailorbird,Common Tailorbird
../content/birds/test/,Common Tailorbird/images - 2020-04-15T100943.725.jpg,Common Tailorbird,Common Tailorbird
../content/birds/test/,Common Tailorbird/images - 2020-04-15T100950.540.jpg,Common Tailorbird,Common Tailorbird
../content/birds/test/,Common Tailorbird/images - 2020-04-15T100958.855.jpg,Common Tailorbird,Common Tailorbird
../content/birds/test/,Common Tailorbird/images - 2020-04-15T101007.055.jpg,Common Tailorbird,Common Tailorbird
../content/birds/test/,Common Tailorbird/images - 2020-04-15T101013.259.jpg,Common Tailorbird,Common Tailorbird
../content/birds/test/,Common Tailorbird/images - 2020-04-15T101021.212.jpg,Common Tailorbird,Common Tailorbird
../content/birds/test/,Common Tailorbird/images - 2020-04-15T101029.402.jpg,Common Tailorbird,Common Tailorbird
../content/birds/test/,Common Tailorbird/images - 2020-04-15T101035.663.jpg,Common Tailorbird,Common Tailorbird
../content/birds/test/,Common Tailorbird/images - 2020-04-15T101106.961.jpg,Common Tailorbird,Common Tailorbird
../content/birds/test/,Common Tailorbird/images - 2020-04-15T101113.605.jpg,Common Tailorbird,Common Tailorbird
../content/birds/test/,Common Tailorbird/images - 2020-04-15T101120.605.jpg,Common Tailorbird,Common Tailorbird
../content/birds/test/,Common Tailorbird/images - 2020-04-15T101129.132.jpg,Common Tailorbird,Common Tailorbird
../content/birds/test/,Common Tailorbird/images - 2020-04-15T101137.801.jpg,Common Tailorbird,Common Tailorbird
../content/birds/test/,Common Tailorbird/images - 2020-04-15T101144.424.jpg,Common Tailorbird,Common Tailorbird
../content/birds/test/,Common Tailorbird/images - 2020-04-15T101151.038.jpg,Common Tailorbird,Common Tailorbird
../content/birds/test/,Common Tailorbird/images - 2020-04-15T101200.423.jpg,Common Tailorbird,Common Tailorbird
../content/birds/test/,Common Tailorbird/images - 2020-04-15T101207.373.jpg,Common Tailorbird,Common Tailorbird
../content/birds/test/,Common Tailorbird/images - 2020-04-15T101214.978.jpg,Common Tailorbird,Common Tailorbird
../content/birds/test/,Common Tailorbird/images - 2020-04-15T101223.121.jpg,Common Tailorbird,Common Tailorbird
../content/birds/test/,Common Tailorbird/images - 2020-04-15T101605.780.jpg,Common Tailorbird,Common Tailorbird
../content/birds/test/,Common Tailorbird/images - 2020-04-15T101623.777.jpg,Common Tailorbird,Common Tailorbird
../content/birds/test/,Common Tailorbird/images - 2020-04-15T102100.419.jpg,Common Tailorbird,Common Tailorbird
../content/birds/test/,Common Tailorbird/images - 2020-04-15T102313.361.jpg,Common Tailorbird,Common Tailorbird
../content/birds/test/,Common Tailorbird/images - 2020-04-15T102448.926.jpg,Common Tailorbird,Common Tailorbird
../content/birds/test/,Grey Bushchat/download (1).jpg,Grey Bushchat,Grey Bushchat
../content/birds/test/,Grey Bushchat/download (10).jpg,Grey Bushchat,Grey Bushchat
../content/birds/test/,Grey Bushchat/download (11).jpg,Grey Bushchat,Grey Bushchat
../content/birds/test/,Grey Bushchat/download (12).jpg,Grey Bushchat,Grey Bushchat
../content/birds/test/,Grey Bushchat/download (13).jpg,Grey Bushchat,Grey Bushchat
../content/birds/test/,Grey Bushchat/download (14).jpg,Grey Bushchat,Grey Bushchat
../content/birds/test/,Grey Bushchat/download (15).jpg,Grey Bushchat,Grey Bushchat
../content/birds/test/,Grey Bushchat/download (16).jpg,Grey Bushchat,Grey Bushchat
../content/birds/test/,Grey Bushchat/download (17).jpg,Grey Bushchat,Grey Bushchat
../content/birds/test/,Grey Bushchat/download (18).jpg,Grey Bushchat,Grey Bushchat
../content/birds/test/,Grey Bushchat/download (19).jpg,Grey Bushchat,Grey Bushchat
../content/birds/test/,Grey Bushchat/download (2).jpg,Grey Bushchat,Grey Bushchat
../content/birds/test/,Grey Bushchat/download (3).jpg,Grey Bushchat,Grey Bushchat
../content/birds/test/,Grey Bushchat/download (4).jpg,Grey Bushchat,Grey Bushchat
../content/birds/test/,Grey Bushchat/download (5).jpg,Grey Bushchat,Grey Bushchat
../content/birds/test/,Grey Bushchat/download (6).jpg,Grey Bushchat,Grey Bushchat
../content/birds/test/,Grey Bushchat/download (7).jpg,Grey Bushchat,Grey Bushchat
../content/birds/test/,Grey Bushchat/download (8).jpg,Grey Bushchat,Grey Bushchat
../content/birds/test/,Grey Bushchat/download (9).jpg,Grey Bushchat,Grey Bushchat
../content/birds/test/,Grey Bushchat/download.jpg,Grey Bushchat,Grey Bushchat
../content/birds/test/,Grey Bushchat/images - 2020-04-15T143445.084.jpg,Grey Bushchat,Grey Bushchat
../content/birds/test/,Grey Bushchat/images - 2020-04-15T143456.012.jpg,Grey Bushchat,Grey Bushchat
../content/birds/test/,Grey Bushchat/images - 2020-04-15T143506.666.jpg,Grey Bushchat,Grey Bushchat
../content/birds/test/,Grey Bushchat/images - 2020-04-15T143518.812.jpg,Grey Bushchat,Grey Bushchat
../content/birds/test/,Grey Bushchat/images - 2020-04-15T143528.645.jpg,Grey Bushchat,Grey Bushchat
../content/birds/test/,Grey Bushchat/images - 2020-04-15T143538.428.jpg,Grey Bushchat,Grey Bushchat
../content/birds/test/,Grey Bushchat/images - 2020-04-15T143547.916.jpg,Grey Bushchat,Grey Bushchat
../content/birds/test/,Grey Bushchat/images - 2020-04-15T143556.290.jpg,Grey Bushchat,Grey Bushchat
../content/birds/test/,Grey Bushchat/images - 2020-04-15T143603.525.jpg,Grey Bushchat,Grey Bushchat
../content/birds/test/,Grey Bushchat/images - 2020-04-15T143615.244.jpg,Grey Bushchat,Grey Bushchat
../content/birds/test/,Grey Bushchat/images - 2020-04-15T143627.245.jpg,Grey Bushchat,Grey Bushchat
../content/birds/test/,Grey Bushchat/images - 2020-04-15T143640.098.jpg,Streaked Laughingthrush,Grey Bushchat
../content/birds/test/,Grey Bushchat/images - 2020-04-15T143650.835.jpg,Grey Bushchat,Grey Bushchat
../content/birds/test/,Grey Bushchat/images - 2020-04-15T143701.402.jpg,Grey Bushchat,Grey Bushchat
../content/birds/test/,Grey Bushchat/images - 2020-04-15T143724.357.jpg,Grey Bushchat,Grey Bushchat
../content/birds/test/,Grey Bushchat/images - 2020-04-15T143736.300.jpg,Grey Bushchat,Grey Bushchat
../content/birds/test/,Grey Bushchat/images - 2020-04-15T143745.399.jpg,Grey Bushchat,Grey Bushchat
../content/birds/test/,Grey Bushchat/images - 2020-04-15T143752.685.jpg,Grey Bushchat,Grey Bushchat
../content/birds/test/,Grey Bushchat/images - 2020-04-15T143802.727.jpg,Grey Bushchat,Grey Bushchat
../content/birds/test/,Grey Bushchat/images - 2020-04-15T143810.861.jpg,Grey Bushchat,Grey Bushchat
../content/birds/test/,Grey Bushchat/images - 2020-04-15T143819.717.jpg,Grey Bushchat,Grey Bushchat
../content/birds/test/,Grey Bushchat/images - 2020-04-15T143829.298.jpg,Grey Bushchat,Grey Bushchat
../content/birds/test/,Grey Bushchat/images - 2020-04-15T143855.666.jpg,Grey Bushchat,Grey Bushchat
../content/birds/test/,Grey Bushchat/images - 2020-04-15T143904.473.jpg,Grey Bushchat,Grey Bushchat
../content/birds/test/,Grey Bushchat/images - 2020-04-15T143923.977.jpg,Grey Bushchat,Grey Bushchat
../content/birds/test/,Grey Bushchat/images - 2020-04-15T143934.809.jpg,Grey Bushchat,Grey Bushchat
../content/birds/test/,Grey Bushchat/images - 2020-04-15T143942.565.jpg,Grey Bushchat,Grey Bushchat
../content/birds/test/,Grey Bushchat/images - 2020-04-15T143956.924.jpg,Grey Bushchat,Grey Bushchat
../content/birds/test/,Grey Bushchat/images - 2020-04-15T144004.430.jpg,Grey Bushchat,Grey Bushchat
../content/birds/test/,Grey Bushchat/images - 2020-04-15T144258.836.jpg,Grey Bushchat,Grey Bushchat
../content/birds/test/,Jungle Myna/download (1).jpg,Jungle Myna,Jungle Myna
../content/birds/test/,Jungle Myna/download (10).jpg,Jungle Myna,Jungle Myna
../content/birds/test/,Jungle Myna/download (11).jpg,Jungle Myna,Jungle Myna
../content/birds/test/,Jungle Myna/download (12).jpg,Jungle Myna,Jungle Myna
../content/birds/test/,Jungle Myna/download (13).jpg,Jungle Myna,Jungle Myna
../content/birds/test/,Jungle Myna/download (14).jpg,Jungle Myna,Jungle Myna
../content/birds/test/,Jungle Myna/download (15).jpg,Jungle Myna,Jungle Myna
../content/birds/test/,Jungle Myna/download (16).jpg,Jungle Myna,Jungle Myna
../content/birds/test/,Jungle Myna/download (17).jpg,Jungle Myna,Jungle Myna
../content/birds/test/,Jungle Myna/download (18).jpg,Jungle Myna,Jungle Myna
../content/birds/test/,Jungle Myna/download (19).jpg,Jungle Myna,Jungle Myna
../content/birds/test/,Jungle Myna/download (2).jpg,Jungle Myna,Jungle Myna
../content/birds/test/,Jungle Myna/download (20).jpg,Jungle Myna,Jungle Myna
../content/birds/test/,Jungle Myna/download (21).jpg,Jungle Myna,Jungle Myna
../content/birds/test/,Jungle Myna/download (3).jpg,Jungle Myna,Jungle Myna
../content/birds/test/,Jungle Myna/download (4).jpg,Jungle Myna,Jungle Myna
../content/birds/test/,Jungle Myna/download (5).jpg,Jungle Myna,Jungle Myna
../content/birds/test/,Jungle Myna/download (6).jpg,Jungle Myna,Jungle Myna
../content/birds/test/,Jungle Myna/download (7).jpg,Jungle Myna,Jungle Myna
../content/birds/test/,Jungle Myna/download (8).jpg,Jungle Myna,Jungle Myna
../content/birds/test/,Jungle Myna/download (9).jpg,Jungle Myna,Jungle Myna
../content/birds/test/,Jungle Myna/download.jpg,Jungle Myna,Jungle Myna
../content/birds/test/,Jungle Myna/images - 2020-04-15T120724.944.jpg,Jungle Myna,Jungle Myna
../content/birds/test/,Jungle Myna/images - 2020-04-15T120734.413.jpg,Jungle Myna,Jungle Myna
../content/birds/test/,Jungle Myna/images - 2020-04-15T120741.929.jpg,Jungle Myna,Jungle Myna
../content/birds/test/,Jungle Myna/images - 2020-04-15T120749.381.jpg,Jungle Myna,Jungle Myna
../content/birds/test/,Jungle Myna/images - 2020-04-15T120756.853.jpg,Jungle Myna,Jungle Myna
../content/birds/test/,Jungle Myna/images - 2020-04-15T120804.734.jpg,Jungle Myna,Jungle Myna
../content/birds/test/,Jungle Myna/images - 2020-04-15T120814.548.jpg,Jungle Myna,Jungle Myna
../content/birds/test/,Jungle Myna/images - 2020-04-15T120843.682.jpg,Jungle Myna,Jungle Myna
../content/birds/test/,Jungle Myna/images - 2020-04-15T120850.918.jpg,Jungle Myna,Jungle Myna
../content/birds/test/,Jungle Myna/images - 2020-04-15T120859.900.jpg,Jungle Myna,Jungle Myna
../content/birds/test/,Jungle Myna/images - 2020-04-15T120907.060.jpg,Jungle Myna,Jungle Myna
../content/birds/test/,Jungle Myna/images - 2020-04-15T120915.654.jpg,Jungle Myna,Jungle Myna
../content/birds/test/,Jungle Myna/images - 2020-04-15T120924.822.jpg,Jungle Myna,Jungle Myna
../content/birds/test/,Jungle Myna/images - 2020-04-15T121004.595.jpg,Jungle Myna,Jungle Myna
../content/birds/test/,Jungle Myna/images - 2020-04-15T121011.616.jpg,Jungle Myna,Jungle Myna
../content/birds/test/,Jungle Myna/images - 2020-04-15T121018.476.jpg,Jungle Myna,Jungle Myna
../content/birds/test/,Jungle Myna/images - 2020-04-15T121134.447.jpg,Grey Bushchat,Jungle Myna
../content/birds/test/,Jungle Myna/images - 2020-04-15T121141.269.jpg,Jungle Myna,Jungle Myna
../content/birds/test/,Jungle Myna/images - 2020-04-15T121227.808.jpg,Jungle Myna,Jungle Myna
../content/birds/test/,Jungle Myna/images - 2020-04-15T121235.591.jpg,Jungle Myna,Jungle Myna
../content/birds/test/,Jungle Myna/images - 2020-04-15T121303.303.jpg,Jungle Myna,Jungle Myna
../content/birds/test/,Jungle Myna/images - 2020-04-15T121311.400.jpg,Jungle Myna,Jungle Myna
../content/birds/test/,Jungle Myna/images - 2020-04-15T121319.052.jpg,Jungle Myna,Jungle Myna
../content/birds/test/,Jungle Myna/images - 2020-04-15T121330.019.jpg,Grey Bushchat,Jungle Myna
../content/birds/test/,Jungle Myna/images - 2020-04-15T121347.351.jpg,Jungle Myna,Jungle Myna
../content/birds/test/,Jungle Myna/images - 2020-04-15T121407.109.jpg,Jungle Myna,Jungle Myna
../content/birds/test/,Jungle Myna/images - 2020-04-15T121415.249.jpg,Jungle Myna,Jungle Myna
../content/birds/test/,Jungle Myna/images - 2020-04-15T121422.715.jpg,Jungle Myna,Jungle Myna
../content/birds/test/,Streaked Laughingthrush/download (1).jpg,Streaked Laughingthrush,Streaked Laughingthrush
../content/birds/test/,Streaked Laughingthrush/download (10).jpg,Streaked Laughingthrush,Streaked Laughingthrush
../content/birds/test/,Streaked Laughingthrush/download (11).jpg,Streaked Laughingthrush,Streaked Laughingthrush
../content/birds/test/,Streaked Laughingthrush/download (12).jpg,Streaked Laughingthrush,Streaked Laughingthrush
../content/birds/test/,Streaked Laughingthrush/download (13).jpg,Streaked Laughingthrush,Streaked Laughingthrush
../content/birds/test/,Streaked Laughingthrush/download (14).jpg,Streaked Laughingthrush,Streaked Laughingthrush
../content/birds/test/,Streaked Laughingthrush/download (15).jpg,Streaked Laughingthrush,Streaked Laughingthrush
../content/birds/test/,Streaked Laughingthrush/download (16).jpg,Streaked Laughingthrush,Streaked Laughingthrush
../content/birds/test/,Streaked Laughingthrush/download (17).jpg,Streaked Laughingthrush,Streaked Laughingthrush
../content/birds/test/,Streaked Laughingthrush/download (18).jpg,Streaked Laughingthrush,Streaked Laughingthrush
../content/birds/test/,Streaked Laughingthrush/download (19).jpg,Streaked Laughingthrush,Streaked Laughingthrush
../content/birds/test/,Streaked Laughingthrush/download (2).jpg,Streaked Laughingthrush,Streaked Laughingthrush
../content/birds/test/,Streaked Laughingthrush/download (20).jpg,Streaked Laughingthrush,Streaked Laughingthrush
../content/birds/test/,Streaked Laughingthrush/download (3).jpg,Streaked Laughingthrush,Streaked Laughingthrush
../content/birds/test/,Streaked Laughingthrush/download (4).jpg,Streaked Laughingthrush,Streaked Laughingthrush
../content/birds/test/,Streaked Laughingthrush/download (5).jpg,Streaked Laughingthrush,Streaked Laughingthrush
../content/birds/test/,Streaked Laughingthrush/download (6).jpg,Streaked Laughingthrush,Streaked Laughingthrush
../content/birds/test/,Streaked Laughingthrush/download (7).jpg,Streaked Laughingthrush,Streaked Laughingthrush
../content/birds/test/,Streaked Laughingthrush/download (8).jpg,Streaked Laughingthrush,Streaked Laughingthrush
../content/birds/test/,Streaked Laughingthrush/download (9).jpg,Streaked Laughingthrush,Streaked Laughingthrush
../content/birds/test/,Streaked Laughingthrush/download.jpg,Streaked Laughingthrush,Streaked Laughingthrush
../content/birds/test/,Streaked Laughingthrush/images - 2020-04-15T110205.361.jpg,Streaked Laughingthrush,Streaked Laughingthrush
../content/birds/test/,Streaked Laughingthrush/images - 2020-04-15T110212.499.jpg,Streaked Laughingthrush,Streaked Laughingthrush
../content/birds/test/,Streaked Laughingthrush/images - 2020-04-15T110235.110.jpg,Streaked Laughingthrush,Streaked Laughingthrush
../content/birds/test/,Streaked Laughingthrush/images - 2020-04-15T110245.285.jpg,Streaked Laughingthrush,Streaked Laughingthrush
../content/birds/test/,Streaked Laughingthrush/images - 2020-04-15T110253.209.jpg,Streaked Laughingthrush,Streaked Laughingthrush
../content/birds/test/,Streaked Laughingthrush/images - 2020-04-15T110300.958.jpg,Streaked Laughingthrush,Streaked Laughingthrush
../content/birds/test/,Streaked Laughingthrush/images - 2020-04-15T110309.307.jpg,Streaked Laughingthrush,Streaked Laughingthrush
../content/birds/test/,Streaked Laughingthrush/images - 2020-04-15T110317.354.jpg,Streaked Laughingthrush,Streaked Laughingthrush
../content/birds/test/,Streaked Laughingthrush/images - 2020-04-15T110325.295.jpg,Streaked Laughingthrush,Streaked Laughingthrush
../content/birds/test/,Streaked Laughingthrush/images - 2020-04-15T110335.341.jpg,Streaked Laughingthrush,Streaked Laughingthrush
../content/birds/test/,Streaked Laughingthrush/images - 2020-04-15T110344.081.jpg,Streaked Laughingthrush,Streaked Laughingthrush
../content/birds/test/,Streaked Laughingthrush/images - 2020-04-15T110351.565.jpg,Streaked Laughingthrush,Streaked Laughingthrush
../content/birds/test/,Streaked Laughingthrush/images - 2020-04-15T110401.129.jpg,Streaked Laughingthrush,Streaked Laughingthrush
../content/birds/test/,Streaked Laughingthrush/images - 2020-04-15T110409.073.jpg,Streaked Laughingthrush,Streaked Laughingthrush
../content/birds/test/,Streaked Laughingthrush/images - 2020-04-15T110416.666.jpg,Streaked Laughingthrush,Streaked Laughingthrush
../content/birds/test/,Streaked Laughingthrush/images - 2020-04-15T110426.038.jpg,Streaked Laughingthrush,Streaked Laughingthrush
../content/birds/test/,Streaked Laughingthrush/images - 2020-04-15T110435.439.jpg,Streaked Laughingthrush,Streaked Laughingthrush
../content/birds/test/,Streaked Laughingthrush/images - 2020-04-15T110445.228.jpg,Streaked Laughingthrush,Streaked Laughingthrush
../content/birds/test/,Streaked Laughingthrush/images - 2020-04-15T110454.449.jpg,Streaked Laughingthrush,Streaked Laughingthrush
../content/birds/test/,Streaked Laughingthrush/images - 2020-04-15T110518.749.jpg,Streaked Laughingthrush,Streaked Laughingthrush
../content/birds/test/,Streaked Laughingthrush/images - 2020-04-15T110526.464.jpg,Streaked Laughingthrush,Streaked Laughingthrush
../content/birds/test/,Streaked Laughingthrush/images - 2020-04-15T110539.047.jpg,Streaked Laughingthrush,Streaked Laughingthrush
../content/birds/test/,Streaked Laughingthrush/images - 2020-04-15T110607.675.jpg,Streaked Laughingthrush,Streaked Laughingthrush
../content/birds/test/,Streaked Laughingthrush/images - 2020-04-15T110616.770.jpg,Streaked Laughingthrush,Streaked Laughingthrush
../content/birds/test/,Streaked Laughingthrush/images - 2020-04-15T110730.198.jpg,Common Tailorbird,Streaked Laughingthrush
../content/birds/test/,Streaked Laughingthrush/images - 2020-04-15T110746.414.jpg,Streaked Laughingthrush,Streaked Laughingthrush
../content/birds/test/,Streaked Laughingthrush/images - 2020-04-15T110753.361.jpg,Streaked Laughingthrush,Streaked Laughingthrush
../content/birds/test/,Streaked Laughingthrush/images - 2020-04-15T110803.959.jpg,Streaked Laughingthrush,Streaked Laughingthrush
../content/birds/test/,Streaked Laughingthrush/images - 2020-04-15T110814.504.jpg,Streaked Laughingthrush,Streaked Laughingthrush
../content/birds/test/,Tibetan Snowcock/download (10).jpg,Tibetan Snowcock,Tibetan Snowcock
../content/birds/test/,Tibetan Snowcock/download (11).jpg,Tibetan Snowcock,Tibetan Snowcock
../content/birds/test/,Tibetan Snowcock/download (12).jpg,Tibetan Snowcock,Tibetan Snowcock
../content/birds/test/,Tibetan Snowcock/download (13).jpg,Tibetan Snowcock,Tibetan Snowcock
../content/birds/test/,Tibetan Snowcock/download (14).jpg,Tibetan Snowcock,Tibetan Snowcock
../content/birds/test/,Tibetan Snowcock/download (15).jpg,Tibetan Snowcock,Tibetan Snowcock
../content/birds/test/,Tibetan Snowcock/download (16).jpg,Tibetan Snowcock,Tibetan Snowcock
../content/birds/test/,Tibetan Snowcock/download (17).jpg,Tibetan Snowcock,Tibetan Snowcock
../content/birds/test/,Tibetan Snowcock/download (18).jpg,brown_headed_barbet,Tibetan Snowcock
../content/birds/test/,Tibetan Snowcock/download (3).jpg,Tibetan Snowcock,Tibetan Snowcock
../content/birds/test/,Tibetan Snowcock/download (4).jpg,Tibetan Snowcock,Tibetan Snowcock
../content/birds/test/,Tibetan Snowcock/download (5).jpg,Tibetan Snowcock,Tibetan Snowcock
../content/birds/test/,Tibetan Snowcock/download (6).jpg,Tibetan Snowcock,Tibetan Snowcock
../content/birds/test/,Tibetan Snowcock/download (7).jpg,Tibetan Snowcock,Tibetan Snowcock
../content/birds/test/,Tibetan Snowcock/download (8).jpg,Tibetan Snowcock,Tibetan Snowcock
../content/birds/test/,Tibetan Snowcock/download (9).jpg,Tibetan Snowcock,Tibetan Snowcock
../content/birds/test/,Tibetan Snowcock/images (70).jpg,Tibetan Snowcock,Tibetan Snowcock
../content/birds/test/,Tibetan Snowcock/images (99).jpg,Tibetan Snowcock,Tibetan Snowcock
../content/birds/test/,Tibetan Snowcock/images - 2020-04-15T090928.740.jpg,Tibetan Snowcock,Tibetan Snowcock
../content/birds/test/,Tibetan Snowcock/images - 2020-04-15T090938.751.jpg,Tibetan Snowcock,Tibetan Snowcock
../content/birds/test/,Tibetan Snowcock/images - 2020-04-15T090945.498.jpg,Tibetan Snowcock,Tibetan Snowcock
../content/birds/test/,Tibetan Snowcock/images - 2020-04-15T091003.644.jpg,Tibetan Snowcock,Tibetan Snowcock
../content/birds/test/,Tibetan Snowcock/images - 2020-04-15T091027.329.jpg,Tibetan Snowcock,Tibetan Snowcock
../content/birds/test/,Tibetan Snowcock/images - 2020-04-15T091035.131.jpg,Tibetan Snowcock,Tibetan Snowcock
../content/birds/test/,Tibetan Snowcock/images - 2020-04-15T091057.429.jpg,Tibetan Snowcock,Tibetan Snowcock
../content/birds/test/,Tibetan Snowcock/images - 2020-04-15T091106.833.jpg,Tibetan Snowcock,Tibetan Snowcock
../content/birds/test/,Tibetan Snowcock/images - 2020-04-15T091114.973.jpg,Tibetan Snowcock,Tibetan Snowcock
../content/birds/test/,Tibetan Snowcock/images - 2020-04-15T091122.980.jpg,Tibetan Snowcock,Tibetan Snowcock
../content/birds/test/,Tibetan Snowcock/images - 2020-04-15T091132.189.jpg,Tibetan Snowcock,Tibetan Snowcock
../content/birds/test/,Tibetan Snowcock/images - 2020-04-15T091146.362.jpg,Tibetan Snowcock,Tibetan Snowcock
../content/birds/test/,Tibetan Snowcock/images - 2020-04-15T091204.767.jpg,Tibetan Snowcock,Tibetan Snowcock
../content/birds/test/,Tibetan Snowcock/images - 2020-04-15T091215.572.jpg,Tibetan Snowcock,Tibetan Snowcock
../content/birds/test/,Tibetan Snowcock/images - 2020-04-15T091222.770.jpg,Tibetan Snowcock,Tibetan Snowcock
../content/birds/test/,Tibetan Snowcock/images - 2020-04-15T091229.754.jpg,Tibetan Snowcock,Tibetan Snowcock
../content/birds/test/,Tibetan Snowcock/images - 2020-04-15T091238.321.jpg,Tibetan Snowcock,Tibetan Snowcock
../content/birds/test/,Tibetan Snowcock/images - 2020-04-15T091327.398.jpg,Tibetan Snowcock,Tibetan Snowcock
../content/birds/test/,Tibetan Snowcock/images - 2020-04-15T091414.133.jpg,Tibetan Snowcock,Tibetan Snowcock
../content/birds/test/,Tibetan Snowcock/images - 2020-04-15T091500.513.jpg,Tibetan Snowcock,Tibetan Snowcock
../content/birds/test/,Tibetan Snowcock/images - 2020-04-15T091609.589.jpg,Tibetan Snowcock,Tibetan Snowcock
../content/birds/test/,Tibetan Snowcock/images - 2020-04-15T092314.696.jpg,Streaked Laughingthrush,Tibetan Snowcock
../content/birds/test/,Tibetan Snowcock/images - 2020-04-15T092347.989.jpg,Tibetan Snowcock,Tibetan Snowcock
../content/birds/test/,Tibetan Snowcock/images - 2020-04-15T092405.065.jpg,Tibetan Snowcock,Tibetan Snowcock
../content/birds/test/,Tibetan Snowcock/images - 2020-04-15T092412.610.jpg,Tibetan Snowcock,Tibetan Snowcock
../content/birds/test/,Tibetan Snowcock/images - 2020-04-15T092447.013.jpg,Tibetan Snowcock,Tibetan Snowcock
../content/birds/test/,Tibetan Snowcock/images - 2020-04-15T092502.614.jpg,Tibetan Snowcock,Tibetan Snowcock
../content/birds/test/,Tibetan Snowcock/images - 2020-04-15T092519.113.jpg,Tibetan Snowcock,Tibetan Snowcock
../content/birds/test/,Tibetan Snowcock/images - 2020-04-15T092548.788.jpg,Tibetan Snowcock,Tibetan Snowcock
../content/birds/test/,Tibetan Snowcock/images - 2020-04-15T092556.293.jpg,Tibetan Snowcock,Tibetan Snowcock
../content/birds/test/,Tibetan Snowcock/images - 2020-04-15T092723.641.jpg,Tibetan Snowcock,Tibetan Snowcock
../content/birds/test/,Tibetan Snowcock/images - 2020-04-15T092738.467.jpg,Tibetan Snowcock,Tibetan Snowcock
../content/birds/test/,brown_headed_barbet/download (1).jpg,brown_headed_barbet,brown_headed_barbet
../content/birds/test/,brown_headed_barbet/download (10).jpg,brown_headed_barbet,brown_headed_barbet
../content/birds/test/,brown_headed_barbet/download (11).jpg,brown_headed_barbet,brown_headed_barbet
../content/birds/test/,brown_headed_barbet/download (12).jpg,brown_headed_barbet,brown_headed_barbet
../content/birds/test/,brown_headed_barbet/download (13).jpg,brown_headed_barbet,brown_headed_barbet
../content/birds/test/,brown_headed_barbet/download (14).jpg,brown_headed_barbet,brown_headed_barbet
../content/birds/test/,brown_headed_barbet/download (15).jpg,brown_headed_barbet,brown_headed_barbet
../content/birds/test/,brown_headed_barbet/download (16).jpg,brown_headed_barbet,brown_headed_barbet
../content/birds/test/,brown_headed_barbet/download (17).jpg,brown_headed_barbet,brown_headed_barbet
../content/birds/test/,brown_headed_barbet/download (18).jpg,brown_headed_barbet,brown_headed_barbet
../content/birds/test/,brown_headed_barbet/download (19).jpg,brown_headed_barbet,brown_headed_barbet
../content/birds/test/,brown_headed_barbet/download (2).jpg,brown_headed_barbet,brown_headed_barbet
../content/birds/test/,brown_headed_barbet/download (20).jpg,brown_headed_barbet,brown_headed_barbet
../content/birds/test/,brown_headed_barbet/download (3).jpg,brown_headed_barbet,brown_headed_barbet
../content/birds/test/,brown_headed_barbet/download (4).jpg,brown_headed_barbet,brown_headed_barbet
../content/birds/test/,brown_headed_barbet/download (5).jpg,brown_headed_barbet,brown_headed_barbet
../content/birds/test/,brown_headed_barbet/download (6).jpg,brown_headed_barbet,brown_headed_barbet
../content/birds/test/,brown_headed_barbet/download (7).jpg,brown_headed_barbet,brown_headed_barbet
../content/birds/test/,brown_headed_barbet/download (8).jpg,brown_headed_barbet,brown_headed_barbet
../content/birds/test/,brown_headed_barbet/download (9).jpg,brown_headed_barbet,brown_headed_barbet
../content/birds/test/,brown_headed_barbet/download.jpg,brown_headed_barbet,brown_headed_barbet
../content/birds/test/,brown_headed_barbet/images - 2020-04-15T080837.697.jpg,brown_headed_barbet,brown_headed_barbet
../content/birds/test/,brown_headed_barbet/images - 2020-04-15T080845.369.jpg,brown_headed_barbet,brown_headed_barbet
../content/birds/test/,brown_headed_barbet/images - 2020-04-15T080852.909.jpg,brown_headed_barbet,brown_headed_barbet
../content/birds/test/,brown_headed_barbet/images - 2020-04-15T080900.311.jpg,brown_headed_barbet,brown_headed_barbet
../content/birds/test/,brown_headed_barbet/images - 2020-04-15T080910.030.jpg,brown_headed_barbet,brown_headed_barbet
../content/birds/test/,brown_headed_barbet/images - 2020-04-15T080916.918.jpg,brown_headed_barbet,brown_headed_barbet
../content/birds/test/,brown_headed_barbet/images - 2020-04-15T080926.852.jpg,brown_headed_barbet,brown_headed_barbet
../content/birds/test/,brown_headed_barbet/images - 2020-04-15T080938.514.jpg,brown_headed_barbet,brown_headed_barbet
../content/birds/test/,brown_headed_barbet/images - 2020-04-15T080948.833.jpg,brown_headed_barbet,brown_headed_barbet
../content/birds/test/,brown_headed_barbet/images - 2020-04-15T080957.593.jpg,brown_headed_barbet,brown_headed_barbet
../content/birds/test/,brown_headed_barbet/images - 2020-04-15T081008.449.jpg,brown_headed_barbet,brown_headed_barbet
../content/birds/test/,brown_headed_barbet/images - 2020-04-15T081015.751.jpg,brown_headed_barbet,brown_headed_barbet
../content/birds/test/,brown_headed_barbet/images - 2020-04-15T081040.965.jpg,brown_headed_barbet,brown_headed_barbet
../content/birds/test/,brown_headed_barbet/images - 2020-04-15T081052.662.jpg,brown_headed_barbet,brown_headed_barbet
../content/birds/test/,brown_headed_barbet/images - 2020-04-15T081306.904.jpg,brown_headed_barbet,brown_headed_barbet
../content/birds/test/,brown_headed_barbet/images - 2020-04-15T081316.929.jpg,brown_headed_barbet,brown_headed_barbet
../content/birds/test/,brown_headed_barbet/images - 2020-04-15T081521.369.jpg,brown_headed_barbet,brown_headed_barbet
../content/birds/test/,brown_headed_barbet/images - 2020-04-15T081629.790.jpg,brown_headed_barbet,brown_headed_barbet
../content/birds/test/,brown_headed_barbet/images - 2020-04-15T081639.404.jpg,brown_headed_barbet,brown_headed_barbet
../content/birds/test/,brown_headed_barbet/images - 2020-04-15T081649.304.jpg,brown_headed_barbet,brown_headed_barbet
../content/birds/test/,brown_headed_barbet/images - 2020-04-15T081707.699.jpg,brown_headed_barbet,brown_headed_barbet
../content/birds/test/,brown_headed_barbet/images - 2020-04-15T081751.048.jpg,brown_headed_barbet,brown_headed_barbet
../content/birds/test/,brown_headed_barbet/images - 2020-04-15T081845.053.jpg,brown_headed_barbet,brown_headed_barbet
../content/birds/test/,brown_headed_barbet/images - 2020-04-15T081856.749.jpg,brown_headed_barbet,brown_headed_barbet
../content/birds/test/,brown_headed_barbet/images - 2020-04-15T081922.036.jpg,brown_headed_barbet,brown_headed_barbet
../content/birds/test/,brown_headed_barbet/images - 2020-04-15T081928.907.jpg,brown_headed_barbet,brown_headed_barbet
../content/birds/test/,brown_headed_barbet/images - 2020-04-15T081938.907.jpg,brown_headed_barbet,brown_headed_barbet
../content/birds/test/,brown_headed_barbet/images - 2020-04-15T082007.544.jpg,brown_headed_barbet,brown_headed_barbet
../content/birds/test/,brown_headed_barbet/images - 2020-04-15T082444.999.jpg,brown_headed_barbet,brown_headed_barbet
